Entrez ID,Promoter,Chr,Instances,Locations,Strands,FIMO P-values,Matching Sequences,Overlap w/ Footprints (bp)
271,110157434-110173048,chr1,1,110162508-110162526,+,4.1e-06,ACCTGTTGCGTGACTCCCC,19
8560,224365909-224375909,chr1,1,224371142-224371160,+,9.25e-06,GTTATGTGCGTGCGTGGCC,19
477,160080519-160090519,chr1,1,160082491-160082509,-,9.54e-06,CAGAGGTGCGTGTGAGTCC,19
576,32224648-32234648,chr1,1,32227731-32227749,-,4.1e-06,GGGGTGTGCGTGCGTGGTC,19
8880,78439777-78449777,chr1,1,78443885-78443903,-,8.13e-06,ACGTAGTGCGTGCATTTGC,19
1944,155046347-155056347,chr1,1,155051154-155051172,-,6.85e-06,GACCAGCGCGTGCCTCGTC,19
1266,95387735-95397735,chr1,1,95395608-95395626,+,9.58e-08,GATGGTTGCGTGACATTCC,19
148789,235662781-235672781,chr1,1,235667935-235667953,-,8.96e-06,CGGAAGCGCGTGCTTAGGC,19
1660,182803438-182813438,chr1,1,182808418-182808436,-,4.28e-06,GCAGAGCGCGTGCCAGGGC,19
83667,28580962-28590962,chr1,1,28588091-28588109,-,9.54e-06,AAGCTGTGCGTGCCATGGC,19
149483,46084731-46094731,chr1,1,46087065-46087083,+,1.91e-07,GTCCATCGCGTGCCAAGCC,19
2268,27947751-27966727,chr1,1,27951932-27951950,+,8.13e-06,TGAGTGTGCGTGCCAACCC,19
84722,109820790-109830790,chr1,1,109825664-109825682,-,3.58e-06,GTGCTTCGCGTGTGATGCC,19
11243,156177778-156187778,chr1,1,156183128-156183146,-,5.91e-06,TATCAGTGCGTGAATACCC,19
85440,63149039-63159039,chr1,1,63153991-63154009,+,6.85e-06,GGCGGGCGCGTGCCTCCTC,19
339541,45135393-45145393,chr1,1,45140570-45140588,+,3.11e-06,AGGGGGCGCGTGCCGACCC,19
2005,205597000-205607000,chr1,1,205599044-205599062,+,1.13e-06,TGGTAGTGCGTGACTACTC,19
100527963,156177778-156187778,chr1,1,156183128-156183146,-,5.91e-06,TATCAGTGCGTGAATACCC,19
4808,116378333-116388747,chr1,1,116381933-116381951,+,9.25e-06,GTGCAGCGCGTGTTGTCCC,19
643988,1530476-1540476,chr1,1,1535037-1535055,+,9.25e-06,GGGAAGCGCGTGTAGGCGC,19
5906,112157404-112167404,chr1,1,112162375-112162393,+,5.06e-06,GCGTGGTGCGTGCGTGCGC,19
79639,45135099-45145099,chr1,1,45140570-45140588,+,3.11e-06,AGGGGGCGCGTGCCGACCC,19
23028,23340940-23350940,chr1,1,23345957-23345975,+,7.6e-06,GCTTGGCGCGTGCGTACGC,19
400745,21054133-21064133,chr1,1,21058114-21058132,+,8.96e-06,GCGAGGTGCGTGCGTGTGC,19
7709,16297627-16307627,chr1,1,16302223-16302241,-,9.54e-06,AGGGGGCGCGTGTCACCTC,19
10899,153945451-153955451,chr1,1,153950278-153950296,+,7.86e-06,GGCTGGCGCGTGTTTGTTC,19
729059,23337343-23347343,chr1,1,23345957-23345975,+,7.6e-06,GCTTGGCGCGTGCGTACGC,19
53335,60775633-60785633,chr2,1,60782736-60782754,-,1.13e-06,GGTGAGCGCGTGCAAGCCC,19
4358,27540969-27550969,chr2,1,27546313-27546331,+,9.25e-06,GTTAAGTGCGTGTTTTGTC,19
2355,28610778-28620778,chr2,1,28617544-28617562,+,9.84e-06,GGATTGTGCGTGTGATCTC,19
6509,65210578-65221494,chr2,1,65215776-65215794,+,2.82e-06,AATGAGCGCGTGCGAAGGC,19
23332,122402052-122412052,chr2,1,122407811-122407829,+,9.84e-06,CTCCGTCGCGTGCGTTTCC,19
388946,46701703-46711703,chr2,1,46708752-46708770,-,6.61e-06,GTGCTTTGCGTGTGTTCTC,19
56475,154330322-154340322,chr2,1,154335176-154335194,+,1.37e-06,GACTAGCGCGTGCGAGGGC,19
1293,238317850-238327850,chr2,1,238319934-238319952,-,3.75e-06,TACTATTGCGTGACACTTC,19
3398,8817112-8827112,chr2,1,8822784-8822802,+,9.84e-06,GAGCTGTGCGTGAAATTGC,19
26160,27707571-27717571,chr2,1,27712460-27712478,-,1.17e-07,AGGAATTGCGTGCCAGTCC,19
51244,14688252-14698252,chr3,1,14693223-14693241,-,9.84e-06,TGAGTTTGCGTGAGTTTGC,19
27086,71627904-71638140,chr3,1,71632835-71632853,-,5.48e-06,CGGGAGTGCGTGTGTGCGC,19
8927,49586921-49596921,chr3,1,49592259-49592277,+,8.13e-06,GGTAAGCGCGTGTCTCGGC,19
80723,136532860-136542860,chr3,1,136538379-136538397,+,5.26e-06,CGCTGTCGCGTGTCTGGGC,19
9045,40493782-40503829,chr3,1,40498706-40498724,+,4.86e-06,TGCGAGCGCGTGCGTACGC,19
11342,149525474-149535474,chr3,1,149530297-149530315,+,1.95e-06,GGATGGCGCGTGTCAGGCC,19
285203,69057774-69067774,chr3,1,69062587-69062605,+,1.64e-06,GCGGAGTGCGTGCGTAGGC,19
26018,66545845-66555845,chr3,1,66550486-66550504,-,7.6e-06,GAGTTGTGCGTGCTTGTGC,19
6091,79812059-79822059,chr3,1,79819926-79819944,-,1.29e-06,TGCTATTGCGTGTTTACCC,19
10252,124312949-124325644,chr4,1,124319267-124319285,-,1.55e-06,GTCGAGTGCGTGACGGGCC,19
2069,75225859-75235859,chr4,1,75228205-75228223,+,2.29e-06,AGGCAGTGCGTGCAAATCC,19
9227,155660162-155670162,chr4,1,155663830-155663848,+,1.3e-07,GGACATCGCGTGCCAAGCC,19
51274,38660789-38670789,chr4,1,38665648-38665666,+,9.25e-06,GCGGGGTGCGTGTTTGCGC,19
10424,129204984-129214984,chr4,1,129209992-129210010,-,7.1e-06,GTTGAGTGCGTGAGACTTC,19
474,94745077-94755077,chr4,1,94749802-94749820,-,2.96e-06,GCCGGTCGCGTGTCTTCTC,19
53834,1000609-1011251,chr4,1,1003534-1003552,+,4.28e-06,GGGCAGCGCGTGCCGGCGC,19
2895,93220549-93230549,chr4,1,93226534-93226552,+,1.29e-06,GATTGTCGCGTGCCTCGCC,19
152485,146854607-146864607,chr4,1,146858766-146858784,+,8.68e-06,CGGCGGCGCGTGTGTACCC,19
3490,57971551-57981551,chr4,1,57976247-57976265,-,3.92e-06,ATGGAGTGCGTGAAGAGCC,19
26511,54925815-54935815,chr4,1,54930847-54930865,+,3.42e-06,GGCGGGCGCGTGCGTGGGC,19
83888,15959859-15969859,chr4,1,15965007-15965025,-,8.68e-06,GCTTTGTGCGTGACAGGGC,19
153733,114626987-114637458,chr5,1,114631988-114632006,+,2.68e-06,GCCCAGCGCGTGCCAGGCC,19
10802,133979474-133989474,chr5,1,133984909-133984927,+,9.84e-06,GACCTTTGCGTGCCACTGC,19
133686,36236900-36247258,chr5,1,36242619-36242637,-,5.69e-06,GAGGATTTCGTGCCAAGCC,19
23138,177535555-177545555,chr5,1,177540199-177540217,-,7.1e-06,AAGAGGCGCGTGAGGTCCC,19
23438,140066017-140076017,chr5,1,140070829-140070847,-,7.57e-07,GGAGAGCGCGTGCGAGGCC,19
3035,140066312-140076312,chr5,1,140070829-140070847,-,7.57e-07,GGAGAGCGCGTGCGAGGCC,19
64839,107712799-107722799,chr5,1,107717529-107717547,-,7.1e-06,CACCGTCGCGTGTGTGCCC,19
9607,71009989-71019989,chr5,1,71015597-71015615,+,9.84e-06,GCAGAGTGCGTGTGGGTCC,19
3572,55285821-55295821,chr5,1,55290358-55290376,+,1.84e-06,GAGGGGTGCGTGCGTGCGC,19
1809,146884619-146894619,chr5,1,146888474-146888492,+,4.86e-06,GAGATTCGCGTGTTTAGTC,19
153222,172478354-172488354,chr5,1,172483352-172483370,-,7.57e-07,GGAAATCGCGTGACTCGCC,19
10112,137509416-137519416,chr5,1,137514252-137514270,-,1.29e-06,AGGTTTTGCGTGAAAGGCC,19
10902,137509358-137519358,chr5,1,137514252-137514270,-,1.29e-06,AGGTTTTGCGTGAAAGGCC,19
4121,119665931-119675931,chr6,1,119670998-119671016,-,2.42e-06,GGGCGGCGCGTGATTGGCC,19
8329,27770976-27780976,chr6,1,27778060-27778078,+,3.75e-06,GTCTGGTGCGTGAGATCGC,19
8331,27777518-27787518,chr6,1,27778060-27778078,+,3.75e-06,GTCTGGTGCGTGAGATCGC,19
8339,26211872-26221872,chr6,1,26216252-26216270,-,5.23e-07,GGCAGTCGCGTGTCATCCC,19
8340,27770709-27780709,chr6,1,27778060-27778078,+,3.75e-06,GTCTGGTGCGTGAGATCGC,19
8342,27777821-27787821,chr6,1,27778060-27778078,+,3.75e-06,GTCTGGTGCGTGAGATCGC,19
8357,27772841-27782841,chr6,1,27778060-27778078,+,3.75e-06,GTCTGGTGCGTGAGATCGC,19
51390,143377022-143387022,chr6,1,143382349-143382367,+,8.11e-07,AGTGATTGCGTGTGAAGGC,19
7005,35459861-35469861,chr6,1,35461532-35461550,-,7.1e-06,CGCGTGTGCGTGAGAAGCC,19
84870,127435047-127445047,chr6,1,127441023-127441041,+,1.29e-06,GGGGTTCGCGTGTCTGCGC,19
55776,39077865-39087865,chr6,1,39083031-39083049,+,3.42e-06,GCGGGTCGCGTGTATACTC,19
3012,26212147-26222147,chr6,1,26216252-26216270,-,5.23e-07,GGCAGTCGCGTGTCATCCC,19
85021,139304398-139314398,chr6,1,139308945-139308963,-,8.96e-06,ACCTGGCGCGTGTGAGGCC,19
5454,99277579-99287579,chr6,1,99280323-99280341,-,5.26e-06,GCTAGGCGCGTGACTTTCC,19
9589,160143029-160153531,chr6,1,160148003-160148021,-,4.86e-06,AGGCGGCGCGTGATTGGCC,19
135293,89850768-89860768,chr6,1,89855893-89855911,+,6.37e-06,AGGGGGCGCGTGCAATGGC,19
55603,82457428-82467428,chr6,1,82463200-82463218,+,5.91e-06,GGGGAGTGCGTGCTGCCCC,19
79683,157797556-157807556,chr6,1,157801409-157801427,-,4.28e-06,AGGGGTCGCGTGCTTCTCC,19
221895,28215437-28225437,chr7,1,28219953-28219971,-,2.17e-06,GGAGGGCGCGTGCGAGCCC,19
221935,3336079-3346079,chr7,1,3339992-3340010,+,8.4e-06,AGGCAGTGCGTGTCACCTC,19
4899,129246554-129256554,chr7,1,129251502-129251520,+,1.06e-06,GTGCGTCGCGTGCGTGCCC,19
23366,36424734-36434734,chr7,1,36429748-36429766,+,6.37e-06,GGAGGGCGCGTGTGTGCGC,19
858,116134654-116145097,chr7,1,116138521-116138539,+,6.61e-06,AACCTTTGCGTGAGTGGTC,19
7036,100226273-100244173,chr7,1,100231060-100231078,+,6.61e-06,ACGTAGTGCGTGTCGGTCC,19
908,56114377-56124377,chr7,1,56116746-56116764,-,8.96e-06,GGCGGGTGCGTGTAGTTCC,19
2990,65442301-65452301,chr7,1,65447236-65447254,+,4.47e-06,GCGGGTCGCGTGACGCGCC,19
56975,187968-197968,chr7,1,191841-191859,-,8.68e-06,GGCGTGTGCGTGTGTGTGC,19
5154,554481-564481,chr7,1,559658-559676,-,8.68e-06,CGCGAGCGCGTGTGTGCTC,19
1129,136548398-136558992,chr7,1,136553860-136553878,+,6.14e-06,GTGGGGTGCGTGACTCTGC,19
3206,27208955-27218955,chr7,1,27214384-27214402,-,1.64e-06,GGGAAGCGCGTGAGTCCCC,19
54443,36424431-36434431,chr7,1,36429748-36429766,+,6.37e-06,GGAGGGCGCGTGTGTGCGC,19
26031,25014760-25024760,chr7,1,25020845-25020863,+,9.84e-06,GTTTAGCGCGTGATGGGGC,19
5723,56114268-56124268,chr7,1,56116746-56116764,-,8.96e-06,GGCGGGTGCGTGTAGTTCC,19
3757,150670402-150680402,chr7,1,150671247-150671265,-,3.92e-06,GGGAGGTGCGTGCCTCTCC,19
444,62622199-62632199,chr8,1,62626983-62627001,-,8.4e-06,CCGCGTCGCGTGTGTACCC,19
10687,26366483-26376483,chr8,1,26372600-26372618,+,8.4e-06,AGGCTTTGCGTGAAGGCCC,19
137872,67339717-67349717,chr8,1,67341563-67341581,-,8.96e-06,AGCAGTTGCGTGTTGTCCC,19
23212,67336262-67346262,chr8,1,67341563-67341581,-,8.96e-06,AGCAGTTGCGTGTTGTCCC,19
58500,146121846-146131846,chr8,1,146126759-146126777,-,5.69e-06,GGGGGGCGCGTGTCGTCGC,19
90990,145686737-145696737,chr8,1,145691030-145691048,+,3.58e-06,GGTGGGTGCGTGCGTGGGC,19
50626,145685418-145696031,chr8,1,145691030-145691048,+,3.58e-06,GGTGGGTGCGTGCGTGGGC,19
1808,26366708-26376708,chr8,1,26372600-26372618,+,8.4e-06,AGGCTTTGCGTGAAGGCCC,19
2733,131261970-131271970,chr9,1,131266035-131266053,+,8.68e-06,GGCTGGCGCGTGTAGTCCC,19
57582,138589030-138599030,chr9,1,138598117-138598135,-,8.11e-07,GGCTGGTGCGTGACAAGGC,19
84263,115137188-115147188,chr9,1,115142761-115142779,+,1.21e-06,CAGGAGTGCGTGCCTGGCC,19
25934,107504968-107514968,chr9,1,107509659-107509677,-,5.69e-06,GTTGAGTGCGTGCATGTGC,19
2776,80641219-80651219,chr9,1,80647194-80647212,+,6.61e-06,CGCCGTTGCGTGCCAGGGC,19
4915,87278465-87289625,chr9,1,87284409-87284427,+,8.96e-06,GATGTGTGCGTGTGTGCGC,19
9328,135901061-135911061,chr9,1,135906490-135906508,+,6.61e-06,GAGTGGTGCGTGATGTGGC,19
1271,34584735-34595138,chr9,1,34590008-34590026,-,5.06e-06,GCAGAGCGCGTGCCAGTGC,19
5727,98264481-98284247,chr9,1,98272720-98272738,-,1.37e-06,AAGGGTCGCGTGTTTTCCC,19
26995,131079697-131089697,chr9,1,131084943-131084961,+,9.54e-06,ACAGTTCGCGTGCGTTTCC,19
51117,131079790-131089790,chr9,1,131084943-131084961,+,9.54e-06,ACAGTTCGCGTGCGTTTCC,19
1993,23816478-23831063,chr9,1,23824544-23824562,-,8.96e-06,AGTGTGTGCGTGAGAGCGC,19
79946,104206300-104216300,chr10,1,104210289-104210307,-,8.4e-06,GAGTGGCGCGTGCGGCGCC,19
51322,28817420-28827420,chr10,1,28821323-28821341,-,4.66e-06,AAGGAGCGCGTGCAGTCCC,19
55691,14367866-14377866,chr10,1,14369828-14369846,-,2.06e-06,ATTTATCGCGTGTCTGCTC,19
92565,127580107-127590107,chr10,1,127585038-127585056,-,1.29e-06,AGGGAGCGCGTGAGGACCC,19
4601,111962362-111974988,chr10,1,111967989-111968007,-,9.54e-06,GCTTTGTGCGTGCGTGTCC,19
220929,31315866-31325866,chr10,1,31319496-31319514,+,7.86e-06,CAAGTTTGCGTGACTTGTC,19
387694,82292657-82305574,chr10,1,82295494-82295512,+,6.14e-06,CATTGTTGCGTGCGTGGGC,19
84893,5926534-5941348,chr10,1,5931408-5931426,-,9.54e-06,GCAGGTTGCGTGAAGAGGC,19
57178,80823791-80833791,chr10,2,80827288-80827306;80827303-80827321,+;+,7.04e-07;3.26e-06,GGGGAGCGCGTGCGTGGGC;GGGCGGCGCGTGTGTGTCC,19;19
54522,5926860-5936860,chr10,1,5931408-5931426,-,9.54e-06,GCAGGTTGCGTGAAGAGGC,19
56952,25236533-25246533,chr10,1,25241820-25241838,+,8.96e-06,GATGGTCGCGTGCAGCCCC,19
38,107987257-107997257,chr11,1,107992524-107992542,-,3.75e-06,ACCCGTCGCGTGACTGTCC,19
133,10321641-10331641,chr11,1,10327051-10327069,+,7.6e-06,GGCCGGCGCGTGCAAACGC,19
402,64776584-64786584,chr11,1,64782158-64782176,+,7.6e-06,GGGTGGCGCGTGTGGGCTC,19
390077,5836565-5846565,chr11,1,5836946-5836964,+,4.85e-07,CACTATTGCGTGAGATCCC,19
595,69450872-69460872,chr11,1,69458400-69458418,+,9.54e-06,TGGGATTGCGTGTTGCCCC,19
25987,76488356-76499284,chr11,1,76494850-76494868,+,5.48e-06,GCGCATCGCGTGTCTCCGC,19
7003,12690968-12700968,chr11,1,12696698-12696716,-,8.68e-06,GGTGTGTGCGTGTGTGCGC,19
91893,111745181-111755181,chr11,1,111750377-111750395,+,4.96e-08,GTCTATTGCGTGCCAGGCC,19
60494,86080777-86090777,chr11,1,86085357-86085375,-,1.64e-06,AAGAATTGCGTGCATGCTC,19
23682,87903635-87913635,chr11,1,87908777-87908795,+,7.1e-06,GGGGTTCGCGTGTGGTTGC,19
9610,66099000-66109000,chr11,1,66103916-66103934,-,2.17e-06,GGGATGTGCGTGCCTTGCC,19
85456,57087413-57097413,chr11,1,57092304-57092322,-,8.7e-07,GGCGAGCGCGTGAGTGCGC,19
64776,111744947-111754947,chr11,1,111750377-111750395,+,4.96e-08,GTCTATTGCGTGCCAGGCC,19
85459,93389815-93399815,chr11,1,93394673-93394691,+,2.82e-06,GGCTGGCGCGTGCCTGTGC,19
81876,66031055-66041055,chr11,1,66035477-66035495,+,2.55e-06,CGGAATTGCGTGAGGGGCC,19
493861,104692509-104702509,chr12,1,104697354-104697372,+,9.25e-06,ATTAGTCGCGTGTGAGGTC,19
5025,121642663-121652663,chr12,1,121642725-121642743,+,4.1e-06,GTGTGGCGCGTGTCAGTGC,19
84915,110147186-110157186,chr12,1,110151839-110151857,+,6.37e-06,CATGGGCGCGTGAGAGCCC,19
160760,111016064-111026064,chr12,1,111020992-111021010,-,2.17e-06,GCTGAGCGCGTGCGAGGCC,19
3224,54397889-54407889,chr12,1,54402698-54402716,+,3.42e-06,GCGAATCGCGTGTAAGCGC,19
1466,77267799-77277799,chr12,1,77273458-77273476,-,7.6e-06,CAGCATCGCGTGCTGTGCC,19
56901,57629475-57639475,chr12,1,57636790-57636808,-,6.61e-06,GTGGGGTGCGTGCCGTCTC,19
55110,10761208-10771208,chr12,1,10766274-10766292,+,7.4e-09,GAGTATCGCGTGAGAGTCC,19
253512,45987516-45997516,chr13,1,45992579-45992597,-,3.92e-06,GGAGGTCGCGTGTTTGCGC,19
23143,47122295-47132295,chr13,1,47125795-47125813,+,9.84e-06,AGGTGGCGCGTGTCTCCTC,19
10186,40172356-40182356,chr13,1,40177335-40177353,-,7.1e-06,AGGCGGTGCGTGCCTCGCC,19
220108,51791469-51801469,chr13,1,51796358-51796376,-,8.96e-06,GGAGTGCGCGTGCGAGCGC,19
23588,50229786-50239786,chr14,1,50237933-50237951,+,3.11e-06,GGCGAGTGCGTGCAGTCCC,19
57578,93794564-93804564,chr14,1,93798757-93798775,-,7.35e-06,CGGGGGCGCGTGTTTACCC,19
55727,93794385-93804385,chr14,1,93798757-93798775,-,7.35e-06,CGGGGGCGCGTGTTTACCC,19
283576,77603134-77613134,chr14,1,77606181-77606199,-,9.84e-06,TGGAGTCGCGTGCAGTGCC,19
26153,104600059-104610059,chr14,1,104603767-104603785,+,5.65e-07,GGGGAGTGCGTGCGTGGGC,19
122481,96853447-96863447,chr14,1,96858305-96858323,-,4.86e-06,GGGCGGTGCGTGTCGTGCC,19
145258,95231499-95241499,chr14,1,95239610-95239628,-,9.84e-06,GAGCTGTGCGTGCGGGGCC,19
161829,41517895-41527895,chr15,1,41523045-41523063,+,5.48e-06,GAAGAGCGCGTGCAGTCCC,19
57611,74416714-74427742,chr15,1,74425214-74425232,+,2.29e-06,AAGAGTTGCGTGAGGTGCC,19
7057,39868279-39878279,chr15,1,39876065-39876083,-,2.82e-06,AGGGGTTGCGTGTATGCGC,19
11261,41518436-41528436,chr15,1,41523045-41523063,+,5.48e-06,GAAGAGCGCGTGCAGTCCC,19
9493,69701626-69711626,chr15,1,69706508-69706526,-,5.48e-06,CGGAGTCGCGTGTCAGGGC,19
5888,40982326-40992377,chr15,1,40987549-40987567,+,5.69e-06,GTCGGGCGCGTGCCACGCC,19
4058,41801085-41811085,chr15,1,41805684-41805702,-,2.55e-06,GCCAAGTGCGTGCGAATCC,19
23214,28218239-28228239,chr16,1,28222567-28222585,-,4.1e-06,GAGAGGCGCGTGCGGAGCC,19
8312,397676-407676,chr16,1,402125-402143,-,5.69e-06,GCGCATCGCGTGCGGGGGC,19
80004,68265136-68275136,chr16,1,68269995-68270013,-,6.85e-06,GGTCGGTGCGTGCGTGCGC,19
100287036,89382540-89392540,chr16,1,89391426-89391444,-,8.68e-06,GCCAGGTGCGTGAGTTGGC,19
2806,58763246-58773246,chr16,1,58769359-58769377,+,2.17e-06,TGGTGTTGCGTGCCTGTTC,19
93107,84268356-84278356,chr16,1,84271851-84271869,+,9.95e-07,AAGGTTTGCGTGTCTTGCC,19
4597,88724495-88734495,chr16,1,88729557-88729575,-,6.37e-06,TGGTAGCGCGTGAGGAGGC,19
7329,1354153-1364627,chr16,1,1359774-1359792,+,5.48e-06,GGTGAGCGCGTGCGGGGGC,19
146330,750825-760825,chr16,1,756022-756040,-,8.68e-06,CGGGGGCGCGTGCCGGGCC,19
54700,15183158-15193158,chr16,1,15188164-15188182,+,6.14e-06,AAGTTGCGCGTGCCAGCGC,19
1632,2296602-2306602,chr16,1,2300950-2300968,-,4.86e-06,TGGTGGTGCGTGCCTATGC,19
124976,4397128-4407128,chr17,1,4402267-4402285,-,8.96e-06,GCTCAGCGCGTGCGTGCGC,19
71,79474892-79484892,chr17,1,79475870-79475888,+,2.82e-06,CGAGAGTGCGTGACTGTCC,19
2314,18156870-18167230,chr17,1,18161914-18161932,-,7.86e-06,GCCGGGCGCGTGCCGGGCC,19
6427,74728493-74738493,chr17,1,74733985-74734003,+,9.25e-06,CGCTTGCGCGTGCCAGGCC,19
201176,43498012-43515282,chr17,1,43506499-43506517,-,8.13e-06,GGGGATTGCGGGCCTGCCC,19
84669,58464586-58474586,chr17,1,58465978-58465996,-,7.6e-06,TTATATTGCGTGTGTTTTC,19
125061,76178397-76188397,chr17,1,76183633-76183651,+,2.42e-06,GCCTAGTGCGTGCCAGGTC,19
9020,43389414-43399414,chr17,1,43394123-43394141,+,8.4e-06,CGGCAGCGCGTGCGAGGGC,19
125170,18158847-18169423,chr17,1,18161914-18161932,-,7.86e-06,GCCGGGCGCGTGCCGGGCC,19
7083,76178285-76188285,chr17,1,76183633-76183651,+,2.42e-06,GCCTAGTGCGTGCCAGGTC,19
5193,33900656-33910656,chr17,1,33905349-33905367,-,7.35e-06,GAGGATTGCGTTCCTTCCC,19
9343,42971736-42981993,chr17,1,42976527-42976545,+,8.68e-06,GGTGTGTGCGTGTGTGCGC,19
388389,42972079-42982079,chr17,1,42976527-42976545,+,8.68e-06,GGTGTGTGCGTGTGTGCGC,19
79157,74727646-74738582,chr17,1,74733985-74734003,+,9.25e-06,CGCTTGCGCGTGCCAGGCC,19
284071,42728761-42738761,chr17,1,42733744-42733762,+,6.85e-06,CCGTGTCGCGTGCCGAGCC,19
7716,56060615-56070615,chr17,1,56065045-56065063,-,6.54e-07,GGCCATTGCGTGCCGGCCC,19
5914,38460422-38479472,chr17,1,38470465-38470483,+,8.96e-06,AGGGATTGGGTGACAGCCC,19
388407,59484111-59494111,chr17,1,59488959-59488977,+,8.7e-07,GGGTGGCGCGTGCGATTCC,19
57332,77765915-77775915,chr17,1,77767545-77767563,-,8.6e-08,GAGGATTGCGTGTCAGTGC,19
125476,33072955-33082955,chr18,1,33077349-33077367,-,2.55e-06,GAAATTTGCGTGTCTTCCC,19
642597,5192255-5202255,chr18,1,5196327-5196345,-,6.14e-06,GGCGTGTGCGTGCGTGCGC,19
400658,74202476-74212476,chr18,1,74212154-74212172,+,3.42e-06,GACCTTTGCGTGAGATCTC,19
57573,57014211-57024211,chr19,1,57019070-57019088,-,4.47e-06,GCGCAGTGCGTGATTACGC,19
147694,57896217-57906217,chr19,1,57901190-57901208,+,2.29e-06,GACGTTTGCGTGCGTGCGC,19
147841,11261484-11271484,chr19,1,11261946-11261964,-,9.84e-06,GGTGTGTGCGTGTGTGTTC,19
2512,49463565-49473565,chr19,1,49468382-49468400,+,5.69e-06,TACAGGCGCGTGACTTCCC,19
84436,52896120-52906120,chr19,1,52901149-52901167,+,3.75e-06,CAGCAGTGCGTGAGTTTCC,19
3609,10759936-10769936,chr19,1,10764808-10764826,-,4.1e-06,AGTGTTTGCGTGCGTAGTC,19
3972,49515347-49525347,chr19,1,49520984-49521002,+,5.06e-06,GCAGGGTGCGTGTCTTGCC,19
4909,49562124-49572124,chr19,1,49568744-49568762,+,5.23e-07,GCCAATTGCGTGTCAATCC,19
79934,41216011-41227790,chr19,1,41224222-41224240,-,5.26e-06,GAGTTTTGCGTGATGTGGC,19
80271,41218007-41228007,chr19,1,41224222-41224240,-,5.26e-06,GAGTTTTGCGTGATGTGGC,19
57473,62596223-62606223,chr20,1,62605264-62605282,-,9.54e-06,AGACAGCGCGTGAGGGTCC,19
22919,31402698-31412698,chr20,1,31407719-31407737,+,4.66e-06,AGGGGGTGCGTGTGAGGTC,19
6666,301214-311214,chr20,1,307940-307958,-,3.42e-06,AGGAGGCGCGTGCGTTGCC,19
23613,45980474-45990474,chr20,1,45985696-45985714,-,5.91e-06,GAGAAGTGCGTGTGGGGGC,19
5335,39761160-39771160,chr20,1,39767484-39767502,+,7.6e-06,ACTTAGCGCGTGCCTGTGC,19
56731,62366210-62376210,chr20,1,62369456-62369474,+,5.65e-07,GTGCAGCGCGTGCCAACCC,19
54923,62362977-62372977,chr20,1,62369456-62369474,+,5.65e-07,GTGCAGCGCGTGCCAACCC,19
386674,46007386-46017386,chr21,1,46013684-46013702,-,2.06e-06,GGCCAGTGCGTGTTTAGCC,19
57466,33099431-33109431,chr21,1,33104318-33104336,-,9.84e-06,AGCCAGTGCGTGAGGGCGC,19
1859,38734858-38744858,chr21,1,38738837-38738855,-,7.86e-06,GGAGGGCGCGTGATTCGCC,19
29781,50941644-50951644,chr22,1,50943035-50943053,+,9.25e-06,GGGCTGTGCGTGTGTGGGC,19
91289,50941135-50951135,chr22,1,50943035-50943053,+,9.25e-06,GGGCTGTGCGTGTGTGGGC,19
54487,20062754-20072754,chr22,1,20067651-20067669,-,9.25e-06,GCGTAGCGCGTGTGTCCGC,19
8406,38075177-38085177,chrX,1,38080754-38080772,+,9.25e-06,ACCGGGTGCGTGCCTGCTC,19
80311,24040303-24050303,chrX,1,24044261-24044279,+,9.25e-06,GACTATTGCGTCACTGTCC,19
8862,128783933-128793933,chrX,1,128788695-128788713,+,8.68e-06,GGCTGGCGCGTGCGGGCGC,19
3052,11124405-11134405,chrX,1,11129416-11129434,+,4.28e-06,TAGGGGTGCGTGAGAACGC,19
57529,109657284-109667284,chrX,1,109664256-109664274,+,4.28e-06,GATATTTGCGTGAAAAGGC,19
5638,37203527-37213582,chrX,1,37209255-37209273,+,3.58e-06,AGGGGGTGCGTGCGAGGTC,19
1654,41187650-41197650,chrX,1,41192783-41192801,-,4.47e-06,AGGTGTCGCGTGCGGTGGC,19
1736,153986030-153996030,chrX,1,153991109-153991127,-,9.54e-06,GCCCTGTGCGTGCCTTGCC,19
64061,53106541-53116541,chrX,1,53111569-53111587,+,4.28e-06,GCTGGTTGCGTGAGTCTCC,19
